Datetime,Water Level (m)
2026-02-11 18:00:00,-0.11474036
2026-02-11 19:00:00,-0.22570449
2026-02-11 20:00:00,-0.31160226
2026-02-11 21:00:00,-0.37685442
2026-02-11 22:00:00,-0.42575574
2026-02-11 23:00:00,-0.4564968
2026-02-12 00:00:00,-0.46267608
2026-02-12 01:00:00,-0.4244488
2026-02-12 02:00:00,-0.35359573
2026-02-12 03:00:00,-0.3004267
2026-02-12 04:00:00,-0.29698423
2026-02-12 05:00:00,-0.3501416
2026-02-12 06:00:00,-0.43394467
2026-02-12 07:00:00,-0.5217784
2026-02-12 08:00:00,-0.60374224
2026-02-12 09:00:00,-0.6755257
2026-02-12 10:00:00,-0.729973
2026-02-12 11:00:00,-0.74568796
2026-02-12 12:00:00,-0.6736517
2026-02-12 13:00:00,-0.5273006
2026-02-12 14:00:00,-0.3611663
2026-02-12 15:00:00,-0.20523733
2026-02-12 16:00:00,-0.07979878
2026-02-12 17:00:00,-0.0012345111
2026-02-12 18:00:00,0.017891362
2026-02-12 19:00:00,-0.04051617
2026-02-12 20:00:00,-0.16344085
2026-02-12 21:00:00,-0.2836502
2026-02-12 22:00:00,-0.39161804
2026-02-12 23:00:00,-0.48645952
2026-02-13 00:00:00,-0.56456596
2026-02-13 01:00:00,-0.6156997
2026-02-13 02:00:00,-0.59772116
2026-02-13 03:00:00,-0.47340578
2026-02-13 04:00:00,-0.34838587
2026-02-13 05:00:00,-0.27078524
2026-02-13 06:00:00,-0.2572659
2026-02-13 07:00:00,-0.31296918
2026-02-13 08:00:00,-0.4231918
2026-02-13 09:00:00,-0.5368018
2026-02-13 10:00:00,-0.6371846
2026-02-13 11:00:00,-0.720351
2026-02-13 12:00:00,-0.7844003
2026-02-13 13:00:00,-0.7817048
2026-02-13 14:00:00,-0.6174918
2026-02-13 15:00:00,-0.41193897
2026-02-13 16:00:00,-0.207651
2026-02-13 17:00:00,-0.038970403
2026-02-13 18:00:00,0.07226419
2026-02-13 19:00:00,0.10274776
2026-02-13 20:00:00,0.024190528
2026-02-13 21:00:00,-0.13497849
2026-02-13 22:00:00,-0.27853248
2026-02-13 23:00:00,-0.40098026
2026-02-14 00:00:00,-0.5110247
2026-02-14 01:00:00,-0.6064702
2026-02-14 02:00:00,-0.6725588
2026-02-14 03:00:00,-0.6324588
2026-02-14 04:00:00,-0.43736982
2026-02-14 05:00:00,-0.26213753
2026-02-14 06:00:00,-0.14506476
2026-02-14 07:00:00,-0.1127353
2026-02-14 08:00:00,-0.18272807
2026-02-14 09:00:00,-0.32709366
2026-02-14 10:00:00,-0.465223
2026-02-14 11:00:00,-0.58058536
2026-02-14 12:00:00,-0.6767545
2026-02-14 13:00:00,-0.75782746
2026-02-14 14:00:00,-0.7707304
2026-02-14 15:00:00,-0.5821591
2026-02-14 16:00:00,-0.34383652
2026-02-14 17:00:00,-0.10513364
2026-02-14 18:00:00,0.08527843
2026-02-14 19:00:00,0.20793301
2026-02-14 20:00:00,0.22430253
2026-02-14 21:00:00,0.0872157
2026-02-14 22:00:00,-0.10682147
2026-02-14 23:00:00,-0.26057908
2026-02-15 00:00:00,-0.3916779
2026-02-15 01:00:00,-0.5105817
2026-02-15 02:00:00,-0.61350983
2026-02-15 03:00:00,-0.6807196
2026-02-15 04:00:00,-0.55710244
2026-02-15 05:00:00,-0.3187727
2026-02-15 06:00:00,-0.118637025
2026-02-15 07:00:00,-0.00032283497
2026-02-15 08:00:00,0.018620744
2026-02-15 09:00:00,-0.09669103
2026-02-15 10:00:00,-0.26991606
2026-02-15 11:00:00,-0.418138
2026-02-15 12:00:00,-0.5406544
2026-02-15 13:00:00,-0.64746094
2026-02-15 14:00:00,-0.7418002
2026-02-15 15:00:00,-0.75003356
2026-02-15 16:00:00,-0.5043131
2026-02-15 17:00:00,-0.22518685
2026-02-15 18:00:00,0.044278968
2026-02-15 19:00:00,0.2389024
2026-02-15 20:00:00,0.3377363
2026-02-15 21:00:00,0.27784345
2026-02-15 22:00:00,0.0643918
2026-02-15 23:00:00,-0.1300368
2026-02-16 00:00:00,-0.28060654
2026-02-16 01:00:00,-0.41636106
2026-02-16 02:00:00,-0.5413609
2026-02-16 03:00:00,-0.6516042
2026-02-16 04:00:00,-0.6921268
2026-02-16 05:00:00,-0.44896182
2026-02-16 06:00:00,-0.18471555
2026-02-16 07:00:00,0.02742308
2026-02-16 08:00:00,0.133199
2026-02-16 09:00:00,0.0995204
2026-02-16 10:00:00,-0.082890436
2026-02-16 11:00:00,-0.26418963
2026-02-16 12:00:00,-0.40969658
2026-02-16 13:00:00,-0.53421915
2026-02-16 14:00:00,-0.649225
2026-02-16 15:00:00,-0.7443533
2026-02-16 16:00:00,-0.68337893
2026-02-16 17:00:00,-0.3790227
2026-02-16 18:00:00,-0.06759477
2026-02-16 19:00:00,0.19901541
2026-02-16 20:00:00,0.37385038
2026-02-16 21:00:00,0.4124048
2026-02-16 22:00:00,0.24193737
2026-02-16 23:00:00,0.0083251605
2026-02-17 00:00:00,-0.1700752
2026-02-17 01:00:00,-0.31552094
2026-02-17 02:00:00,-0.45345485
2026-02-17 03:00:00,-0.58063626
2026-02-17 04:00:00,-0.6839597
2026-02-17 05:00:00,-0.59016573
2026-02-17 06:00:00,-0.27017125
2026-02-17 07:00:00,0.008900188
2026-02-17 08:00:00,0.19355026
2026-02-17 09:00:00,0.24784987
2026-02-17 10:00:00,0.11969189
2026-02-17 11:00:00,-0.094585374
2026-02-17 12:00:00,-0.26484826
2026-02-17 13:00:00,-0.40332702
2026-02-17 14:00:00,-0.52930826
2026-02-17 15:00:00,-0.6480114
2026-02-17 16:00:00,-0.7318467
2026-02-17 17:00:00,-0.548717
2026-02-17 18:00:00,-0.21676645
